Kernel; Reference; COLi;

blurxy ; 0.000025 ; 0.930073 ; 
blurxy ; 0.000021 ; 0.957110 ; 
blurxy ; 0.000029 ; 0.921999 ; 
blurxy ; 0.000021 ; 1.018947 ; 
