Kernel; Reference; COLi;

blurxy ; 0.000025 ; 0.930073 ; 
blurxy ; 0.000021 ; 0.957110 ; 
blurxy ; 0.000029 ; 0.921999 ; 
blurxy ; 0.000021 ; 1.018947 ; 
blurxy ; 0.000022 ; 1.374032 ; 
blurxy ; 0.000023 ; 1.013294 ; 
blurxy ; 0.000022 ; 1.038890 ; 
blurxy ; 0.000022 ; 0.974168 ; 
blurxy ; 0.000025 ; 0.888088 ; 
